w_L,Total_Latency,Total_Energy
0.1,10.0,0.45000000000000007
0.3,5.0,0.75
0.5,3.3333333333333335,1.0499999999999998
0.7,2.5,1.3499999999999999
0.9,2.0,1.6500000000000001
